ID,Pred
2019_1101_1113,0.3424795238369876
2019_1101_1120,0.1524406691400731
2019_1101_1124,0.26688389094601067
2019_1101_1125,0.31932048011150094
2019_1101_1133,0.4792353715679733
2019_1101_1138,0.1511223244445174
2019_1101_1153,0.22066928542315128
2019_1101_1159,0.460963072409493
2019_1101_1181,0.01
2019_1101_1192,0.4966788060517166
2019_1101_1196,0.3042446779528217
2019_1101_1199,0.10812813650375841
2019_1101_1205,0.4979649606117521
2019_1101_1209,0.41211145645212066
2019_1101_1211,0.01
2019_1101_1222,0.01
2019_1101_1233,0.5079249777415153
2019_1101_1234,0.35692287919503496
2019_1101_1235,0.15085905016890577
2019_1101_1242,0.01
2019_1101_1243,0.11481516710239692
2019_1101_1246,0.01
2019_1101_1251,0.3417070033223639
2019_1101_1257,0.23462823598110086
2019_1101_1261,0.01
2019_1101_1266,0.15695360410562176
2019_1101_1268,0.16898708923529449
2019_1101_1276,0.01
2019_1101_1277,0.01
2019_1101_1278,0.3321562620536178
2019_1101_1279,0.23889150357376288
2019_1101_1280,0.11768762738709898
2019_1101_1285,0.4283091799938494
2019_1101_1293,0.3522080782280319
2019_1101_1295,0.4988488944575272
2019_1101_1297,0.44911546557827814
2019_1101_1300,0.510022349326154
2019_1101_1305,0.2255224904238055
2019_1101_1308,0.3591863302968543
2019_1101_1314,0.01
2019_1101_1318,0.41616292206555716
2019_1101_1326,0.36586262081618903
2019_1101_1328,0.23335316157372638
2019_1101_1330,0.43233384957108506
2019_1101_1332,0.3543578206586834
2019_1101_1341,0.5004414303073625
2019_1101_1345,0.01
2019_1101_1371,0.29231263625260573
2019_1101_1385,0.29941512656831715
2019_1101_1387,0.40235819537053963
2019_1101_1388,0.25922763507081886
2019_1101_1393,0.2519368840870587
2019_1101_1396,0.335018004932502
2019_1101_1397,0.01
2019_1101_1403,0.01
2019_1101_1414,0.34631633330745626
2019_1101_1416,0.29166692283059203
2019_1101_1429,0.2644397153082584
2019_1101_1433,0.24910335691558788
2019_1101_1436,0.3969704217661971
2019_1101_1437,0.22563825102150153
2019_1101_1438,0.01
2019_1101_1439,0.13468988162856593
2019_1101_1449,0.2567940514918413
2019_1101_1458,0.01
2019_1101_1459,0.16246548734926824
2019_1101_1463,0.3973360223465677
2019_1113_1120,0.2866436689855556
2019_1113_1124,0.40108689079149323
2019_1113_1125,0.4535234799569835
2019_1113_1133,0.6134383714134558
2019_1113_1138,0.2853253242899999
2019_1113_1153,0.3548722852686338
2019_1113_1159,0.5951660722549755
2019_1113_1181,0.01
2019_1113_1192,0.6308818058971991
2019_1113_1196,0.4384476777983042
2019_1113_1199,0.24233113634924097
2019_1113_1205,0.6321679604572347
2019_1113_1209,0.5463144562976032
2019_1113_1211,0.11140707046637982
2019_1113_1222,0.21724777440468285
2019_1113_1233,0.6421279775869979
2019_1113_1234,0.4911258790405175
2019_1113_1235,0.2850620500143882
2019_1113_1242,0.20246428108150272
2019_1113_1243,0.24901816694787948
2019_1113_1246,0.17900200990079812
2019_1113_1251,0.4759100031678465
2019_1113_1257,0.3688312358265834
2019_1113_1261,0.17637535277382438
2019_1113_1266,0.2911566039511042
2019_1113_1268,0.30319008908077705
2019_1113_1276,0.15635860349067698
2019_1113_1277,0.2202795011110953
2019_1113_1278,0.4663592618991003
2019_1113_1279,0.3730945034192454
2019_1113_1280,0.2518906272325815
2019_1113_1285,0.5625121798393319
2019_1113_1293,0.48641107807351447
2019_1113_1295,0.6330518943030097
2019_1113_1297,0.5833184654237606
2019_1113_1300,0.6442253491716365
2019_1113_1305,0.3597254902692881
2019_1113_1308,0.4933893301423369
2019_1113_1314,0.1383742384917232
2019_1113_1318,0.5503659219110397
2019_1113_1326,0.5000656206616716
2019_1113_1328,0.3675561614192089
2019_1113_1330,0.5665368494165676
2019_1113_1332,0.4885608205041659
2019_1113_1341,0.6346444301528451
2019_1113_1345,0.20821672219743076
2019_1113_1371,0.42651563609808824
2019_1113_1385,0.4336181264137997
2019_1113_1387,0.5365611952160222
2019_1113_1388,0.39343063491630137
2019_1113_1393,0.38613988393254123
2019_1113_1396,0.46922100477798456
2019_1113_1397,0.1673322273734365
2019_1113_1403,0.19872063610991425
2019_1113_1414,0.4805193331529388
2019_1113_1416,0.42586992267607454
2019_1113_1429,0.3986427151537409
2019_1113_1433,0.38330635676107044
2019_1113_1436,0.5311734216116797
2019_1113_1437,0.35984125086698415
2019_1113_1438,0.14754592342657574
2019_1113_1439,0.26889288147404855
2019_1113_1449,0.3909970513373238
2019_1113_1458,0.22345125630010143
2019_1113_1459,0.2966684871947508
2019_1113_1463,0.5315390221920502
2019_1120_1124,0.5911257454884078
2019_1120_1125,0.6435623346538981
2019_1120_1133,0.8034772261103704
2019_1120_1138,0.47536417898691447
2019_1120_1153,0.5449111399655484
2019_1120_1159,0.7852049269518901
2019_1120_1181,0.2856952838699944
2019_1120_1192,0.8209206605941137
2019_1120_1196,0.6284865324952188
2019_1120_1199,0.43236999104615553
2019_1120_1205,0.8222068151541492
2019_1120_1209,0.7363533109945177
2019_1120_1211,0.3014459251632943
2019_1120_1222,0.4072866291015974
2019_1120_1233,0.8321668322839124
2019_1120_1234,0.681164733737432
2019_1120_1235,0.47510090471130284
2019_1120_1242,0.3925031357784172
2019_1120_1243,0.43905702164479404
2019_1120_1246,0.3690408645977127
2019_1120_1251,0.665948857864761
2019_1120_1257,0.558870090523498
2019_1120_1261,0.36641420747073894
2019_1120_1266,0.4811954586480188
2019_1120_1268,0.4932289437776916
2019_1120_1276,0.34639745818759154
2019_1120_1277,0.4103183558080098
2019_1120_1278,0.6563981165960149
2019_1120_1279,0.5631333581161599
2019_1120_1280,0.44192948192949605
2019_1120_1285,0.7525510345362465
2019_1120_1293,0.676449932770429
2019_1120_1295,0.8230907489999243
2019_1120_1297,0.7733573201206752
2019_1120_1300,0.834264203868551
2019_1120_1305,0.5497643449662026
2019_1120_1308,0.6834281848392515
2019_1120_1314,0.32841309318863776
2019_1120_1318,0.7404047766079543
2019_1120_1326,0.6901044753585861
2019_1120_1328,0.5575950161161235
2019_1120_1330,0.7565757041134822
2019_1120_1332,0.6785996752010804
2019_1120_1341,0.8246832848497596
2019_1120_1345,0.3982555768943454
2019_1120_1371,0.6165544907950028
2019_1120_1385,0.6236569811107143
2019_1120_1387,0.7266000499129368
2019_1120_1388,0.583469489613216
2019_1120_1393,0.5761787386294558
2019_1120_1396,0.6592598594748991
2019_1120_1397,0.35737108207035106
2019_1120_1403,0.3887594908068288
2019_1120_1414,0.6705581878498534
2019_1120_1416,0.6159087773729892
2019_1120_1429,0.5886815698506555
2019_1120_1433,0.573345211457985
2019_1120_1436,0.7212122763085942
2019_1120_1437,0.5498801055638987
2019_1120_1438,0.33758477812349025
2019_1120_1439,0.45893173617096306
2019_1120_1449,0.5810359060342384
2019_1120_1458,0.413490110997016
2019_1120_1459,0.4867073418916654
2019_1120_1463,0.7215778768889647
2019_1124_1125,0.5291191128479604
2019_1124_1133,0.6890340043044327
2019_1124_1138,0.36092095718097683
2019_1124_1153,0.4304679181596107
2019_1124_1159,0.6707617051459525
2019_1124_1181,0.1712520620640567
2019_1124_1192,0.706477438788176
2019_1124_1196,0.5140433106892811
2019_1124_1199,0.3179267692402179
2019_1124_1205,0.7077635933482116
2019_1124_1209,0.6219100891885802
2019_1124_1211,0.1870027033573567
2019_1124_1222,0.29284340729565983
2019_1124_1233,0.7177236104779748
2019_1124_1234,0.5667215119314944
2019_1124_1235,0.3606576829053652
2019_1124_1242,0.27805991397247964
2019_1124_1243,0.3246137998388564
2019_1124_1246,0.2545976427917751
2019_1124_1251,0.5515056360588234
2019_1124_1257,0.4444268687175604
2019_1124_1261,0.25197098566480136
2019_1124_1266,0.36675223684208114
2019_1124_1268,0.378785721971754
2019_1124_1276,0.23195423638165394
2019_1124_1277,0.2958751340020722
2019_1124_1278,0.5419548947900773
2019_1124_1279,0.4486901363102223
2019_1124_1280,0.3274862601235584
2019_1124_1285,0.6381078127303088
2019_1124_1293,0.5620067109644914
2019_1124_1295,0.7086475271939867
2019_1124_1297,0.6589140983147376
2019_1124_1300,0.7198209820626135
2019_1124_1305,0.435321123160265
2019_1124_1308,0.5689849630333138
2019_1124_1314,0.21396987138270013
2019_1124_1318,0.6259615548020167
2019_1124_1326,0.5756612535526485
2019_1124_1328,0.4431517943101858
2019_1124_1330,0.6421324823075445
2019_1124_1332,0.5641564533951429
2019_1124_1341,0.710240063043822
2019_1124_1345,0.28381235508840774
2019_1124_1371,0.5021112689890652
2019_1124_1385,0.5092137593047766
2019_1124_1387,0.6121568281069991
2019_1124_1388,0.46902626780727835
2019_1124_1393,0.46173551682351816
2019_1124_1396,0.5448166376689615
2019_1124_1397,0.24292786026441343
2019_1124_1403,0.27431626900089123
2019_1124_1414,0.5561149660439157
2019_1124_1416,0.5014655555670515
2019_1124_1429,0.4742383480447178
2019_1124_1433,0.45890198965204737
2019_1124_1436,0.6067690545026566
2019_1124_1437,0.435436883757961
2019_1124_1438,0.22314155631755261
2019_1124_1439,0.3444885143650254
2019_1124_1449,0.46659268422830075
2019_1124_1458,0.29904688919107836
2019_1124_1459,0.37226412008572773
2019_1124_1463,0.6071346550830271
2019_1125_1133,0.6365974151389424
2019_1125_1138,0.30848436801548657
2019_1125_1153,0.37803132899412045
2019_1125_1159,0.6183251159804622
2019_1125_1181,0.11881547289856653
2019_1125_1192,0.6540408496226858
2019_1125_1196,0.46160672152379084
2019_1125_1199,0.2654901800747276
2019_1125_1205,0.6553270041827213
2019_1125_1209,0.5694735000230898
2019_1125_1211,0.13456611419186648
2019_1125_1222,0.2404068181301695
2019_1125_1233,0.6652870213124845
2019_1125_1234,0.5142849227660041
2019_1125_1235,0.30822109373987494
2019_1125_1242,0.22562332480698932
2019_1125_1243,0.27217721067336614
2019_1125_1246,0.20216105362628478
2019_1125_1251,0.49906904689333315
2019_1125_1257,0.39199027955207005
2019_1125_1261,0.19953439649931098
2019_1125_1266,0.3143156476765909
2019_1125_1268,0.3263491328062637
2019_1125_1276,0.1795176472161636
2019_1125_1277,0.24343854483658187
2019_1125_1278,0.489518305624587
2019_1125_1279,0.39625354714473204
2019_1125_1280,0.27504967095806815
2019_1125_1285,0.5856712235648185
2019_1125_1293,0.5095701217990011
2019_1125_1295,0.6562109380284964
2019_1125_1297,0.6064775091492474
2019_1125_1300,0.6673843928971231
2019_1125_1305,0.38288453399477473
2019_1125_1308,0.5165483738678236
2019_1125_1314,0.16153328221720986
2019_1125_1318,0.5735249656365264
2019_1125_1326,0.5232246643871582
2019_1125_1328,0.39071520514469554
2019_1125_1330,0.5896958931420543
2019_1125_1332,0.5117198642296525
2019_1125_1341,0.6578034738783317
2019_1125_1345,0.23137576592291745
2019_1125_1371,0.4496746798235749
2019_1125_1385,0.45677717013928637
2019_1125_1387,0.5597202389415088
2019_1125_1388,0.41658967864178803
2019_1125_1393,0.4092989276580279
2019_1125_1396,0.4923800485034712
2019_1125_1397,0.19049127109892322
2019_1125_1403,0.2218796798354009
2019_1125_1414,0.5036783768784255
2019_1125_1416,0.4490289664015612
2019_1125_1429,0.42180175887922755
2019_1125_1433,0.4064654004865571
2019_1125_1436,0.5543324653371663
2019_1125_1437,0.38300029459247076
2019_1125_1438,0.17070496715206235
2019_1125_1439,0.29205192519953516
2019_1125_1449,0.4141560950628105
2019_1125_1458,0.24661030002558812
2019_1125_1459,0.3198275309202375
2019_1125_1463,0.5546980659175369
2019_1133_1138,0.14856947655901426
2019_1133_1153,0.21811643753764814
2019_1133_1159,0.4584102245239899
2019_1133_1181,0.01
2019_1133_1192,0.4941259581662135
2019_1133_1196,0.3016918300673186
2019_1133_1199,0.10557528861825533
2019_1133_1205,0.49541211272624897
2019_1133_1209,0.4095586085666176
2019_1133_1211,0.01
2019_1133_1222,0.01
2019_1133_1233,0.5053721298560122
2019_1133_1234,0.3543700313095319
2019_1133_1235,0.14830620228340263
2019_1133_1242,0.01
2019_1133_1243,0.11226231921689389
2019_1133_1246,0.01
2019_1133_1251,0.3391541554368608
2019_1133_1257,0.23207538809559777
2019_1133_1261,0.01
2019_1133_1266,0.15440075622011862
2019_1133_1268,0.1664342413497914
2019_1133_1276,0.01
2019_1133_1277,0.01
2019_1133_1278,0.3296034141681147
2019_1133_1279,0.2363386556882597
2019_1133_1280,0.1151347795015959
2019_1133_1285,0.42575633210834624
2019_1133_1293,0.3496552303425288
2019_1133_1295,0.4962960465720241
2019_1133_1297,0.446562617692775
2019_1133_1300,0.5074695014406508
2019_1133_1305,0.22296964253830243
2019_1133_1308,0.3566334824113513
2019_1133_1314,0.01
2019_1133_1318,0.4136100741800541
2019_1133_1326,0.3633097729306859
2019_1133_1328,0.23080031368822326
2019_1133_1330,0.429781001685582
2019_1133_1332,0.35180497277318024
2019_1133_1341,0.49788858242185946
2019_1133_1345,0.01
2019_1133_1371,0.2897597883671026
2019_1133_1385,0.29686227868281406
2019_1133_1387,0.3998053474850365
2019_1133_1388,0.2566747871853157
2019_1133_1393,0.24938403620155558
2019_1133_1396,0.3324651570469989
2019_1133_1397,0.01
2019_1133_1403,0.01
2019_1133_1414,0.3437634854219532
2019_1133_1416,0.2891140749450889
2019_1133_1429,0.26188686742275524
2019_1133_1433,0.24655050903008477
2019_1133_1436,0.394417573880694
2019_1133_1437,0.22308540313599845
2019_1133_1438,0.01
2019_1133_1439,0.13213703374306285
2019_1133_1449,0.2542412036063382
2019_1133_1458,0.01
2019_1133_1459,0.15991263946376516
2019_1133_1463,0.39478317446106453
2019_1138_1153,0.5462294846611041
2019_1138_1159,0.7865232716474458
2019_1138_1181,0.2870136285655501
2019_1138_1192,0.8222390052896693
2019_1138_1196,0.6298048771907745
2019_1138_1199,0.43368833574171123
2019_1138_1205,0.8235251598497049
2019_1138_1209,0.7376716556900735
2019_1138_1211,0.3027642698588501
2019_1138_1222,0.40860497379715316
2019_1138_1233,0.8334851769794681
2019_1138_1234,0.6824830784329878
2019_1138_1235,0.47641924940685854
2019_1138_1242,0.3938214804739729
2019_1138_1243,0.44037536634034974
2019_1138_1246,0.3703592092932684
2019_1138_1251,0.6672672025603167
2019_1138_1257,0.5601884352190537
2019_1138_1261,0.3677325521662947
2019_1138_1266,0.4825138033435745
2019_1138_1268,0.4945472884732473
2019_1138_1276,0.3477158028831472
2019_1138_1277,0.4116367005035655
2019_1138_1278,0.6577164612915706
2019_1138_1279,0.5644517028117156
2019_1138_1280,0.44324782662505174
2019_1138_1285,0.7538693792318021
2019_1138_1293,0.6777682774659848
2019_1138_1295,0.82440909369548
2019_1138_1297,0.774675664816231
2019_1138_1300,0.8355825485641067
2019_1138_1305,0.5510826896617583
2019_1138_1308,0.6847465295348072
2019_1138_1314,0.32973143788419346
2019_1138_1318,0.74172312130351
2019_1138_1326,0.6914228200541418
2019_1138_1328,0.5589133608116792
2019_1138_1330,0.7578940488090379
2019_1138_1332,0.6799180198966361
2019_1138_1341,0.8260016295453154
2019_1138_1345,0.3995739215899011
2019_1138_1371,0.6178728354905585
2019_1138_1385,0.62497532580627
2019_1138_1387,0.7279183946084924
2019_1138_1388,0.5847878343087717
2019_1138_1393,0.5774970833250115
2019_1138_1396,0.6605782041704549
2019_1138_1397,0.3586894267659067
2019_1138_1403,0.3900778355023845
2019_1138_1414,0.6718765325454091
2019_1138_1416,0.6172271220685448
2019_1138_1429,0.5899999145462111
2019_1138_1433,0.5746635561535407
2019_1138_1436,0.7225306210041499
2019_1138_1437,0.5511984502594544
2019_1138_1438,0.338903122819046
2019_1138_1439,0.46025008086651875
2019_1138_1449,0.5823542507297941
2019_1138_1458,0.41480845569257174
2019_1138_1459,0.4880256865872211
2019_1138_1463,0.7228962215845205
2019_1153_1159,0.716976310668812
2019_1153_1181,0.21746666758691613
2019_1153_1192,0.7526920443110354
2019_1153_1196,0.5602579162121406
2019_1153_1199,0.3641413747630773
2019_1153_1205,0.753978198871071
2019_1153_1209,0.6681246947114395
2019_1153_1211,0.23321730888021613
2019_1153_1222,0.3390580128185192
2019_1153_1233,0.7639382160008342
2019_1153_1234,0.6129361174543538
2019_1153_1235,0.4068722884282246
2019_1153_1242,0.32427451949533903
2019_1153_1243,0.3708284053617158
2019_1153_1246,0.3008122483146345
2019_1153_1251,0.5977202415816828
2019_1153_1257,0.49064147424041976
2019_1153_1261,0.29818559118766075
2019_1153_1266,0.4129668423649406
2019_1153_1268,0.42500032749461336
2019_1153_1276,0.27816884190451335
2019_1153_1277,0.3420897395249316
2019_1153_1278,0.5881695003129367
2019_1153_1279,0.49490474183308175
2019_1153_1280,0.3737008656464178
2019_1153_1285,0.6843224182531682
2019_1153_1293,0.6082213164873508
2019_1153_1295,0.7548621327168461
2019_1153_1297,0.705128703837597
2019_1153_1300,0.7660355875854729
2019_1153_1305,0.48153572868312444
2019_1153_1308,0.6151995685561732
2019_1153_1314,0.26018447690555946
2019_1153_1318,0.672176160324876
2019_1153_1326,0.6218758590755079
2019_1153_1328,0.48936639983304525
2019_1153_1330,0.688347087830404
2019_1153_1332,0.6103710589180023
2019_1153_1341,0.7564546685666814
2019_1153_1345,0.33002696061126713
2019_1153_1371,0.5483258745119246
2019_1153_1385,0.555428364827636
2019_1153_1387,0.6583714336298585
2019_1153_1388,0.5152408733301377
2019_1153_1393,0.5079501223463776
2019_1153_1396,0.591031243191821
2019_1153_1397,0.2891424657872729
2019_1153_1403,0.3205308745237506
2019_1153_1414,0.6023295715667751
2019_1153_1416,0.5476801610899109
2019_1153_1429,0.5204529535675773
2019_1153_1433,0.5051165951749068
2019_1153_1436,0.652983660025516
2019_1153_1437,0.4816514892808204
2019_1153_1438,0.26935616184041206
2019_1153_1439,0.3907031198878848
2019_1153_1449,0.5128072897511602
2019_1153_1458,0.34526149471393774
2019_1153_1459,0.4184787256085872
2019_1153_1463,0.6533492606058866
2019_1159_1181,0.01
2019_1159_1192,0.5123982573246938
2019_1159_1196,0.3199641292257988
2019_1159_1199,0.1238475877767356
2019_1159_1205,0.5136844118847292
2019_1159_1209,0.4278309077250978
2019_1159_1211,0.01
2019_1159_1222,0.01
2019_1159_1233,0.5236444290144925
2019_1159_1234,0.3726423304680121
2019_1159_1235,0.16657850144188285
2019_1159_1242,0.01
2019_1159_1243,0.1305346183753741
2019_1159_1246,0.01
2019_1159_1251,0.35742645459534106
2019_1159_1257,0.250347687254078
2019_1159_1261,0.01
2019_1159_1266,0.17267305537859884
2019_1159_1268,0.18470654050827162
2019_1159_1276,0.01
2019_1159_1277,0.10179595253858986
2019_1159_1278,0.34787571332659495
2019_1159_1279,0.25461095484674
2019_1159_1280,0.13340707866007612
2019_1159_1285,0.4440286312668265
2019_1159_1293,0.3679275295010091
2019_1159_1295,0.5145683457305044
2019_1159_1297,0.4648349168512553
2019_1159_1300,0.5257418005991311
2019_1159_1305,0.24124194169678267
2019_1159_1308,0.3749057815698315
2019_1159_1314,0.01
2019_1159_1318,0.43188237333853435
2019_1159_1326,0.38158207208916617
2019_1159_1328,0.24907261284670354
2019_1159_1330,0.4480533008440622
2019_1159_1332,0.3700772719316605
2019_1159_1341,0.5161608815803397
2019_1159_1345,0.01
2019_1159_1371,0.30803208752558286
2019_1159_1385,0.3151345778412943
2019_1159_1387,0.41807764664351676
2019_1159_1388,0.27494708634379594
2019_1159_1393,0.26765633536003586
2019_1159_1396,0.35073745620547914
2019_1159_1397,0.01
2019_1159_1403,0.01
2019_1159_1414,0.3620357845804334
2019_1159_1416,0.30738637410356917
2019_1159_1429,0.2801591665812355
2019_1159_1433,0.2648228081885651
2019_1159_1436,0.41268987303917426
2019_1159_1437,0.24135770229447873
2019_1159_1438,0.01
2019_1159_1439,0.15040933290154312
2019_1159_1449,0.27251350276481845
2019_1159_1458,0.10496770772759606
2019_1159_1459,0.17818493862224538
2019_1159_1463,0.4130554736195448
2019_1181_1192,0.99
2019_1181_1196,0.8194737723076946
2019_1181_1199,0.6233572308586313
2019_1181_1205,0.99
2019_1181_1209,0.99
2019_1181_1211,0.4924331649757701
2019_1181_1222,0.5982738689140732
2019_1181_1233,0.99
2019_1181_1234,0.8721519735499078
2019_1181_1235,0.6660881445237785
2019_1181_1242,0.583490375590893
2019_1181_1243,0.6300442614572699
2019_1181_1246,0.5600281044101885
2019_1181_1251,0.8569360976772368
2019_1181_1257,0.7498573303359737
2019_1181_1261,0.5574014472832147
2019_1181_1266,0.6721826984604946
2019_1181_1268,0.6842161835901674
2019_1181_1276,0.5373846980000673
2019_1181_1277,0.6013055956204856
2019_1181_1278,0.8473853564084907
2019_1181_1279,0.7541205979286356
2019_1181_1280,0.6329167217419718
2019_1181_1285,0.99
2019_1181_1293,0.8674371725829049
2019_1181_1295,0.99
2019_1181_1297,0.99
2019_1181_1300,0.99
2019_1181_1305,0.7407515847786784
2019_1181_1308,0.8744154246517272
2019_1181_1314,0.5194003330011135
2019_1181_1318,0.99
2019_1181_1326,0.8810917151710619
2019_1181_1328,0.7485822559285993
2019_1181_1330,0.99
2019_1181_1332,0.8695869150135562
2019_1181_1341,0.99
2019_1181_1345,0.5892428167068212
2019_1181_1371,0.8075417306074786
2019_1181_1385,0.8146442209231901
2019_1181_1387,0.99
2019_1181_1388,0.7744567294256917
2019_1181_1393,0.7671659784419316
2019_1181_1396,0.850247099287375
2019_1181_1397,0.5483583218828268
2019_1181_1403,0.5797467306193046
2019_1181_1414,0.8615454276623291
2019_1181_1416,0.8068960171854649
2019_1181_1429,0.7796688096631312
2019_1181_1433,0.7643324512704608
2019_1181_1436,0.99
2019_1181_1437,0.7408673453763743
2019_1181_1438,0.5285720179359661
2019_1181_1439,0.6499189759834388
2019_1181_1449,0.7720231458467142
2019_1181_1458,0.6044773508094918
2019_1181_1459,0.6776945817041411
2019_1181_1463,0.99
2019_1192_1196,0.28424839558357523
2019_1192_1199,0.01
2019_1192_1205,0.4779686782425056
2019_1192_1209,0.3921151740828742
2019_1192_1211,0.01
2019_1192_1222,0.01
2019_1192_1233,0.4879286953722689
2019_1192_1234,0.3369265968257885
2019_1192_1235,0.13086276779965927
2019_1192_1242,0.01
2019_1192_1243,0.01
2019_1192_1246,0.01
2019_1192_1251,0.3217107209531175
2019_1192_1257,0.21463195361185444
2019_1192_1261,0.01
2019_1192_1266,0.13695732173637531
2019_1192_1268,0.1489908068660481
2019_1192_1276,0.01
2019_1192_1277,0.01
2019_1192_1278,0.3121599796843713
2019_1192_1279,0.21889522120451632
2019_1192_1280,0.01
2019_1192_1285,0.4083128976246029
2019_1192_1293,0.33221179585878546
2019_1192_1295,0.4788526120882808
2019_1192_1297,0.42911918320903164
2019_1192_1300,0.49002606695690754
2019_1192_1305,0.20552620805455912
2019_1192_1308,0.3391900479276079
2019_1192_1314,0.01
2019_1192_1318,0.3961666396963107
2019_1192_1326,0.3458663384469426
2019_1192_1328,0.21335687920447988
2019_1192_1330,0.4123375672018386
2019_1192_1332,0.3343615382894369
2019_1192_1341,0.4804451479381161
2019_1192_1345,0.01
2019_1192_1371,0.2723163538833593
2019_1192_1385,0.2794188441990707
2019_1192_1387,0.3823619130012932
2019_1192_1388,0.23923135270157242
2019_1192_1393,0.23194060171781225
2019_1192_1396,0.31502172256325556
2019_1192_1397,0.01
2019_1192_1403,0.01
2019_1192_1414,0.3263200509382098
2019_1192_1416,0.2716706404613456
2019_1192_1429,0.24444343293901186
2019_1192_1433,0.22910707454634138
2019_1192_1436,0.3769741393969507
2019_1192_1437,0.2056419686522551
2019_1192_1438,0.01
2019_1192_1439,0.11469359925931955
2019_1192_1449,0.23679776912259487
2019_1192_1458,0.01
2019_1192_1459,0.14246920498002186
2019_1192_1463,0.37733973997732123
2019_1196_1199,0.2805659822334069
2019_1196_1205,0.6704028063414006
2019_1196_1209,0.5845493021817691
2019_1196_1211,0.1496419163505458
2019_1196_1222,0.2554826202888488
2019_1196_1233,0.6803628234711638
2019_1196_1234,0.5293607249246834
2019_1196_1235,0.3232968958985542
2019_1196_1242,0.24069912696566864
2019_1196_1243,0.2872530128320454
2019_1196_1246,0.21723685578496404
2019_1196_1251,0.5141448490520124
2019_1196_1257,0.40706608171074943
2019_1196_1261,0.21461019865799036
2019_1196_1266,0.32939144983527024
2019_1196_1268,0.34142493496494297
2019_1196_1276,0.1945934493748429
2019_1196_1277,0.25851434699526116
2019_1196_1278,0.5045941077832663
2019_1196_1279,0.4113293493034113
2019_1196_1280,0.2901254731167474
2019_1196_1285,0.6007470257234978
2019_1196_1293,0.5246459239576804
2019_1196_1295,0.6712867401871757
2019_1196_1297,0.6215533113079266
2019_1196_1300,0.6824601950558025
2019_1196_1305,0.39796033615345405
2019_1196_1308,0.5316241760265028
2019_1196_1314,0.17660908437588912
2019_1196_1318,0.5886007677952056
2019_1196_1326,0.5383004665458375
2019_1196_1328,0.4057910073033748
2019_1196_1330,0.6047716953007336
2019_1196_1332,0.5267956663883319
2019_1196_1341,0.672879276037011
2019_1196_1345,0.24645156808159677
2019_1196_1371,0.46475048198225416
2019_1196_1385,0.4718529722979657
2019_1196_1387,0.5747960411001881
2019_1196_1388,0.43166548080046735
2019_1196_1393,0.4243747298167072
2019_1196_1396,0.5074558506621505
2019_1196_1397,0.20556707325760243
2019_1196_1403,0.23695548199408026
2019_1196_1414,0.5187541790371047
2019_1196_1416,0.4641047685602405
2019_1196_1429,0.4368775610379068
2019_1196_1433,0.42154120264523637
2019_1196_1436,0.5694082674958456
2019_1196_1437,0.39807609675115
2019_1196_1438,0.18578076931074167
2019_1196_1439,0.3071277273582145
2019_1196_1449,0.4292318972214898
2019_1196_1458,0.2616861021842674
2019_1196_1459,0.3349033330789168
2019_1196_1463,0.5697738680762161
2019_1199_1205,0.8665193477904638
2019_1199_1209,0.7806658436308325
2019_1199_1211,0.345758457799609
2019_1199_1222,0.4515991617379121
2019_1199_1233,0.876479364920227
2019_1199_1234,0.7254772663737468
2019_1199_1235,0.5194134373476175
2019_1199_1242,0.4368156684147319
2019_1199_1243,0.48336955428110867
2019_1199_1246,0.4133533972340273
2019_1199_1251,0.7102613905010757
2019_1199_1257,0.6031826231598126
2019_1199_1261,0.4107267401070536
2019_1199_1266,0.5255079912843335
2019_1199_1268,0.5375414764140063
2019_1199_1276,0.3907099908239062
2019_1199_1277,0.4546308884443244
2019_1199_1278,0.7007106492323295
2019_1199_1279,0.6074458907524746
2019_1199_1280,0.4862420145658107
2019_1199_1285,0.796863567172561
2019_1199_1293,0.7207624654067437
2019_1199_1295,0.8674032816362389
2019_1199_1297,0.8176698527569899
2019_1199_1300,0.8785767365048657
2019_1199_1305,0.5940768776025173
2019_1199_1308,0.7277407174755661
2019_1199_1314,0.3727256258249524
2019_1199_1318,0.784717309244269
2019_1199_1326,0.7344170079949008
2019_1199_1328,0.6019075487524381
2019_1199_1330,0.8008882367497969
2019_1199_1332,0.7229122078373951
2019_1199_1341,0.8689958174860744
2019_1199_1345,0.44256810953066006
2019_1199_1371,0.6608670234313174
2019_1199_1385,0.667969513747029
2019_1199_1387,0.7709125825492513
2019_1199_1388,0.6277820222495306
2019_1199_1393,0.6204912712657704
2019_1199_1396,0.7035723921112138
2019_1199_1397,0.4016836147066657
2019_1199_1403,0.4330720234431435
2019_1199_1414,0.714870720486168
2019_1199_1416,0.6602213100093037
2019_1199_1429,0.6329941024869701
2019_1199_1433,0.6176577440942996
2019_1199_1436,0.7655248089449089
2019_1199_1437,0.5941926382002133
2019_1199_1438,0.3818973107598049
2019_1199_1439,0.5032442688072777
2019_1199_1449,0.625348438670553
2019_1199_1458,0.4578026436333307
2019_1199_1459,0.53101987452798
2019_1199_1463,0.7658904095252794
2019_1205_1209,0.39082901952283877
2019_1205_1211,0.01
2019_1205_1222,0.01
2019_1205_1233,0.48664254081223346
2019_1205_1234,0.33564044226575307
2019_1205_1235,0.12957661323962383
2019_1205_1242,0.01
2019_1205_1243,0.01
2019_1205_1246,0.01
2019_1205_1251,0.32042456639308203
2019_1205_1257,0.213345799051819
2019_1205_1261,0.01
2019_1205_1266,0.1356711671763398
2019_1205_1268,0.14770465230601265
2019_1205_1276,0.01
2019_1205_1277,0.01
2019_1205_1278,0.31087382512433587
2019_1205_1279,0.21760906664448093
2019_1205_1280,0.01
2019_1205_1285,0.40702674306456743
2019_1205_1293,0.33092564129875
2019_1205_1295,0.4775664575282453
2019_1205_1297,0.4278330286489962
2019_1205_1300,0.4887399123968721
2019_1205_1305,0.20424005349452368
2019_1205_1308,0.3379038933675724
2019_1205_1314,0.01
2019_1205_1318,0.39488048513627527
2019_1205_1326,0.34458018388690714
2019_1205_1328,0.21207072464444443
2019_1205_1330,0.4110514126418031
2019_1205_1332,0.33307538372940143
2019_1205_1341,0.47915899337808066
2019_1205_1345,0.01
2019_1205_1371,0.2710301993233238
2019_1205_1385,0.27813268963903526
2019_1205_1387,0.3810757584412577
2019_1205_1388,0.23794519814153695
2019_1205_1393,0.23065444715777678
2019_1205_1396,0.3137355680032201
2019_1205_1397,0.01
2019_1205_1403,0.01
2019_1205_1414,0.32503389637817437
2019_1205_1416,0.2703844859013101
2019_1205_1429,0.2431572783789764
2019_1205_1433,0.2278209199863059
2019_1205_1436,0.37568798483691523
2019_1205_1437,0.20435581409221965
2019_1205_1438,0.01
2019_1205_1439,0.1134074446992841
2019_1205_1449,0.2355116145625594
2019_1205_1458,0.01
2019_1205_1459,0.14118305041998636
2019_1205_1463,0.37605358541728573
2019_1209_1211,0.01
2019_1209_1222,0.14761584178954978
2019_1209_1233,0.5724960449718648
2019_1209_1234,0.42149394642538446
2019_1209_1235,0.21543011739925516
2019_1209_1242,0.13283234846636965
2019_1209_1243,0.17938623433274642
2019_1209_1246,0.109370077285665
2019_1209_1251,0.4062780705527134
2019_1209_1257,0.2991993032114504
2019_1209_1261,0.10674342015869137
2019_1209_1266,0.2215246713359712
2019_1209_1268,0.23355815646564396
2019_1209_1276,0.01
2019_1209_1277,0.15064756849596217
2019_1209_1278,0.39672732928396726
2019_1209_1279,0.3034625708041123
2019_1209_1280,0.18225869461744842
2019_1209_1285,0.4928802472241988
2019_1209_1293,0.4167791454583814
2019_1209_1295,0.5634199616878767
2019_1209_1297,0.5136865328086276
2019_1209_1300,0.5745934165565034
2019_1209_1305,0.290093557654155
2019_1209_1308,0.4237573975272038
2019_1209_1314,0.01
2019_1209_1318,0.48073398929590666
2019_1209_1326,0.4304336880465385
2019_1209_1328,0.2979242288040759
2019_1209_1330,0.49690491680143456
2019_1209_1332,0.4189288878890328
2019_1209_1341,0.565012497537712
2019_1209_1345,0.1385847895822978
2019_1209_1371,0.3568837034829552
2019_1209_1385,0.3639861937986667
2019_1209_1387,0.4669292626008891
2019_1209_1388,0.32379870230116836
2019_1209_1393,0.31650795131740816
2019_1209_1396,0.39958907216285156
2019_1209_1397,0.01
2019_1209_1403,0.1290887034947812
2019_1209_1414,0.41088740053780576
2019_1209_1416,0.35623799006094153
2019_1209_1429,0.3290107825386078
2019_1209_1433,0.3136744241459374
2019_1209_1436,0.46154148899654657
2019_1209_1437,0.290209318251851
2019_1209_1438,0.01
2019_1209_1439,0.1992609488589155
2019_1209_1449,0.32136511872219076
2019_1209_1458,0.15381932368496842
2019_1209_1459,0.22703655457961777
2019_1209_1463,0.4619070895769172
2019_1211_1222,0.5825232276207732
2019_1211_1233,0.99
2019_1211_1234,0.8564013322566079
2019_1211_1235,0.6503375032304787
2019_1211_1242,0.5677397342975931
2019_1211_1243,0.6142936201639698
2019_1211_1246,0.5442774631168885
2019_1211_1251,0.8411854563839369
2019_1211_1257,0.7341066890426738
2019_1211_1261,0.5416508059899148
2019_1211_1266,0.6564320571671947
2019_1211_1268,0.6684655422968674
2019_1211_1276,0.5216340567067673
2019_1211_1277,0.5855549543271856
2019_1211_1278,0.8316347151151906
2019_1211_1279,0.7383699566353358
2019_1211_1280,0.6171660804486718
2019_1211_1285,0.99
2019_1211_1293,0.8516865312896048
2019_1211_1295,0.99
2019_1211_1297,0.99
2019_1211_1300,0.99
2019_1211_1305,0.7250009434853785
2019_1211_1308,0.8586647833584272
2019_1211_1314,0.5036496917078136
2019_1211_1318,0.99
2019_1211_1326,0.8653410738777619
2019_1211_1328,0.7328316146352993
2019_1211_1330,0.99
2019_1211_1332,0.8538362737202563
2019_1211_1341,0.99
2019_1211_1345,0.5734921754135212
2019_1211_1371,0.7917910893141786
2019_1211_1385,0.7988935796298902
2019_1211_1387,0.99
2019_1211_1388,0.7587060881323917
2019_1211_1393,0.7514153371486316
2019_1211_1396,0.834496457994075
2019_1211_1397,0.5326076805895269
2019_1211_1403,0.5639960893260046
2019_1211_1414,0.8457947863690292
2019_1211_1416,0.7911453758921649
2019_1211_1429,0.7639181683698313
2019_1211_1433,0.7485818099771608
2019_1211_1436,0.8964488748277701
2019_1211_1437,0.7251167040830745
2019_1211_1438,0.512821376642666
2019_1211_1439,0.6341683346901389
2019_1211_1449,0.7562725045534142
2019_1211_1458,0.5887267095161919
2019_1211_1459,0.6619439404108411
2019_1211_1463,0.8968144754081406
2019_1222_1233,0.99
2019_1222_1234,0.7505606283183048
2019_1222_1235,0.5444967992921755
2019_1222_1242,0.46189903035929
2019_1222_1243,0.5084529162256668
2019_1222_1246,0.4384367591785854
2019_1222_1251,0.7353447524456338
2019_1222_1257,0.6282659851043707
2019_1222_1261,0.4358101020516117
2019_1222_1266,0.5505913532288915
2019_1222_1268,0.5626248383585644
2019_1222_1276,0.41579335276846424
2019_1222_1277,0.4797142503888825
2019_1222_1278,0.7257940111768876
2019_1222_1279,0.6325292526970326
2019_1222_1280,0.5113253765103688
2019_1222_1285,0.8219469291171191
2019_1222_1293,0.7458458273513018
2019_1222_1295,0.892486643580797
2019_1222_1297,0.842753214701548
2019_1222_1300,0.99
2019_1222_1305,0.6191602395470753
2019_1222_1308,0.7528240794201242
2019_1222_1314,0.39780898776951046
2019_1222_1318,0.809800671188827
2019_1222_1326,0.7595003699394589
2019_1222_1328,0.6269909106969962
2019_1222_1330,0.8259715986943549
2019_1222_1332,0.7479955697819531
2019_1222_1341,0.8940791794306323
2019_1222_1345,0.46765147147521813
2019_1222_1371,0.6859503853758755
2019_1222_1385,0.693052875691587
2019_1222_1387,0.7959959444938094
2019_1222_1388,0.6528653841940887
2019_1222_1393,0.6455746332103285
2019_1222_1396,0.7286557540557719
2019_1222_1397,0.42676697665122376
2019_1222_1403,0.45815538538770156
2019_1222_1414,0.739954082430726
2019_1222_1416,0.6853046719538618
2019_1222_1429,0.6580774644315281
2019_1222_1433,0.6427411060388577
2019_1222_1436,0.7906081708894669
2019_1222_1437,0.6192760001447714
2019_1222_1438,0.406980672704363
2019_1222_1439,0.5283276307518358
2019_1222_1449,0.6504318006151111
2019_1222_1458,0.48288600557788874
2019_1222_1459,0.5561032364725381
2019_1222_1463,0.7909737714698375
2019_1233_1234,0.3256804251359898
2019_1233_1235,0.11961659610986058
2019_1233_1242,0.01
2019_1233_1243,0.01
2019_1233_1246,0.01
2019_1233_1251,0.31046454926331873
2019_1233_1257,0.2033857819220557
2019_1233_1261,0.01
2019_1233_1266,0.12571115004657657
2019_1233_1268,0.13774463517624935
2019_1233_1276,0.01
2019_1233_1277,0.01
2019_1233_1278,0.30091380799457257
2019_1233_1279,0.20764904951471758
2019_1233_1280,0.01
2019_1233_1285,0.3970667259348042
2019_1233_1293,0.3209656241689868
2019_1233_1295,0.46760644039848204
2019_1233_1297,0.41787301151923295
2019_1233_1300,0.4787798952671088
2019_1233_1305,0.19428003636476038
2019_1233_1308,0.32794387623780913
2019_1233_1314,0.01
2019_1233_1318,0.38492046800651203
2019_1233_1326,0.3346201667571438
2019_1233_1328,0.20211070751468113
2019_1233_1330,0.40109139551203987
2019_1233_1332,0.3231153665996382
2019_1233_1341,0.46919897624831736
2019_1233_1345,0.01
2019_1233_1371,0.2610701821935605
2019_1233_1385,0.268172672509272
2019_1233_1387,0.37111574131149444
2019_1233_1388,0.22798518101177367
2019_1233_1393,0.22069443002801353
2019_1233_1396,0.30377555087345687
2019_1233_1397,0.01
2019_1233_1403,0.01
2019_1233_1414,0.3150738792484111
2019_1233_1416,0.2604244687715468
2019_1233_1429,0.23319726124921314
2019_1233_1433,0.21786090285654264
2019_1233_1436,0.3657279677071519
2019_1233_1437,0.1943957969624564
2019_1233_1438,0.01
2019_1233_1439,0.10344742756952074
2019_1233_1449,0.22555159743279612
2019_1233_1458,0.01
2019_1233_1459,0.13122303329022306
2019_1233_1463,0.3660935682875225
2019_1234_1235,0.27061869465634086
2019_1234_1242,0.18802092572345536
2019_1234_1243,0.23457481158983212
2019_1234_1246,0.16455865454275076
2019_1234_1251,0.4614666478097991
2019_1234_1257,0.3543878804685361
2019_1234_1261,0.16193199741577702
2019_1234_1266,0.2767132485930569
2019_1234_1268,0.2887467337227297
2019_1234_1276,0.14191524813262957
2019_1234_1277,0.20583614575304787
2019_1234_1278,0.45191590654105296
2019_1234_1279,0.358651148061198
2019_1234_1280,0.23744727187453413
2019_1234_1285,0.5480688244812845
2019_1234_1293,0.4719677227154671
2019_1234_1295,0.6186085389449624
2019_1234_1297,0.5688751100657133
2019_1234_1300,0.6297819938135891
2019_1234_1305,0.3452821349112407
2019_1234_1308,0.4789459747842895
2019_1234_1314,0.12393088313367584
2019_1234_1318,0.5359225665529924
2019_1234_1326,0.4856222653036242
2019_1234_1328,0.3531128060611615
2019_1234_1330,0.5520934940585203
2019_1234_1332,0.4741174651461186
2019_1234_1341,0.6202010747947977
2019_1234_1345,0.19377336683938345
2019_1234_1371,0.4120722807400409
2019_1234_1385,0.4191747710557524
2019_1234_1387,0.5221178398579748
2019_1234_1388,0.37898727955825406
2019_1234_1393,0.37169652857449387
2019_1234_1396,0.45477764941993726
2019_1234_1397,0.1528888720153891
2019_1234_1403,0.18427728075186695
2019_1234_1414,0.46607597779489146
2019_1234_1416,0.4114265673180272
2019_1234_1429,0.38419935979569353
2019_1234_1433,0.3688630014030231
2019_1234_1436,0.5167300662536323
2019_1234_1437,0.34539789550893674
2019_1234_1438,0.13310256806852838
2019_1234_1439,0.25444952611600113
2019_1234_1449,0.37655369597927646
2019_1234_1458,0.20900790094205413
2019_1234_1459,0.2822251318367035
2019_1234_1463,0.5170956668340029
2019_1235_1242,0.3940847547495846
2019_1235_1243,0.44063864061596136
2019_1235_1246,0.37062248356888
2019_1235_1251,0.6675304768359284
2019_1235_1257,0.5604517094946653
2019_1235_1261,0.3679958264419063
2019_1235_1266,0.48277707761918615
2019_1235_1268,0.49481056274885893
2019_1235_1276,0.34797907715875886
2019_1235_1277,0.4118999747791771
2019_1235_1278,0.6579797355671823
2019_1235_1279,0.5647149770873273
2019_1235_1280,0.44351110090066337
2019_1235_1285,0.7541326535074138
2019_1235_1293,0.6780315517415963
2019_1235_1295,0.8246723679710917
2019_1235_1297,0.7749389390918426
2019_1235_1300,0.8358458228397184
2019_1235_1305,0.55134596393737
2019_1235_1308,0.6850098038104188
2019_1235_1314,0.32999471215980514
2019_1235_1318,0.7419863955791217
2019_1235_1326,0.6916860943297535
2019_1235_1328,0.5591766350872908
2019_1235_1330,0.7581573230846496
2019_1235_1332,0.6801812941722478
2019_1235_1341,0.826264903820927
2019_1235_1345,0.39983719586551275
2019_1235_1371,0.6181361097661702
2019_1235_1385,0.6252386000818816
2019_1235_1387,0.7281816688841041
2019_1235_1388,0.5850511085843833
2019_1235_1393,0.5777603576006232
2019_1235_1396,0.6608414784460664
2019_1235_1397,0.3589527010415184
2019_1235_1403,0.3903411097779962
2019_1235_1414,0.6721398068210207
2019_1235_1416,0.6174903963441565
2019_1235_1429,0.5902631888218228
2019_1235_1433,0.5749268304291524
2019_1235_1436,0.7227938952797616
2019_1235_1437,0.551461724535066
2019_1235_1438,0.3391663970946576
2019_1235_1439,0.4605133551421304
2019_1235_1449,0.5826175250054058
2019_1235_1458,0.41507172996818337
2019_1235_1459,0.48828896086283274
2019_1235_1463,0.7231594958601322
2019_1242_1243,0.523236409548847
2019_1242_1246,0.45322025250176556
2019_1242_1251,0.750128245768814
2019_1242_1257,0.6430494784275509
2019_1242_1261,0.4505935953747919
2019_1242_1266,0.5653748465520717
2019_1242_1268,0.5774083316817445
2019_1242_1276,0.4305768460916444
2019_1242_1277,0.4944977437120627
2019_1242_1278,0.7405775045000678
2019_1242_1279,0.6473127460202128
2019_1242_1280,0.526108869833549
2019_1242_1285,0.8367304224402994
2019_1242_1293,0.760629320674482
2019_1242_1295,0.99
2019_1242_1297,0.8575367080247281
2019_1242_1300,0.99
2019_1242_1305,0.6339437328702555
2019_1242_1308,0.7676075727433044
2019_1242_1314,0.41259248109269064
2019_1242_1318,0.8245841645120071
2019_1242_1326,0.774283863262639
2019_1242_1328,0.6417744040201763
2019_1242_1330,0.8407550920175351
2019_1242_1332,0.7627790631051334
2019_1242_1341,0.99
2019_1242_1345,0.4824349647983983
2019_1242_1371,0.7007338786990557
2019_1242_1385,0.7078363690147672
2019_1242_1387,0.8107794378169896
2019_1242_1388,0.6676488775172689
2019_1242_1393,0.6603581265335088
2019_1242_1396,0.7434392473789521
2019_1242_1397,0.44155046997440395
2019_1242_1403,0.47293887871088175
2019_1242_1414,0.7547375757539063
2019_1242_1416,0.700088165277042
2019_1242_1429,0.6728609577547083
2019_1242_1433,0.657524599362038
2019_1242_1436,0.8053916642126471
2019_1242_1437,0.6340594934679515
2019_1242_1438,0.4217641660275432
2019_1242_1439,0.5431111240750159
2019_1242_1449,0.6652152939382913
2019_1242_1458,0.49766949890106893
2019_1242_1459,0.5708867297957183
2019_1242_1463,0.8057572647930177
2019_1243_1246,0.4066663666353888
2019_1243_1251,0.7035743599024371
2019_1243_1257,0.5964955925611741
2019_1243_1261,0.40403970950841506
2019_1243_1266,0.5188209606856949
2019_1243_1268,0.5308544458153677
2019_1243_1276,0.38402296022526766
2019_1243_1277,0.4479438578456859
2019_1243_1278,0.694023618633691
2019_1243_1279,0.6007588601538361
2019_1243_1280,0.47955498396717217
2019_1243_1285,0.7901765365739226
2019_1243_1293,0.7140754348081052
2019_1243_1295,0.8607162510376004
2019_1243_1297,0.8109828221583513
2019_1243_1300,0.8718897059062272
2019_1243_1305,0.5873898470038788
2019_1243_1308,0.7210536868769276
2019_1243_1314,0.3660385952263139
2019_1243_1318,0.7780302786456303
2019_1243_1326,0.7277299773962622
2019_1243_1328,0.5952205181537995
2019_1243_1330,0.7942012061511583
2019_1243_1332,0.7162251772387566
2019_1243_1341,0.8623087868874357
2019_1243_1345,0.4358810789320215
2019_1243_1371,0.6541799928326789
2019_1243_1385,0.6612824831483904
2019_1243_1387,0.7642255519506128
2019_1243_1388,0.6210949916508921
2019_1243_1393,0.6138042406671319
2019_1243_1396,0.6968853615125753
2019_1243_1397,0.3949965841080272
2019_1243_1403,0.426384992844505
2019_1243_1414,0.7081836898875294
2019_1243_1416,0.6535342794106652
2019_1243_1429,0.6263070718883316
2019_1243_1433,0.6109707134956611
2019_1243_1436,0.7588377783462703
2019_1243_1437,0.5875056076015748
2019_1243_1438,0.3752102801611664
2019_1243_1439,0.4965572382086392
2019_1243_1449,0.6186614080719145
2019_1243_1458,0.45111561303469216
2019_1243_1459,0.5243328439293415
2019_1243_1463,0.7592033789266408
2019_1246_1251,0.7735905169495185
2019_1246_1257,0.6665117496082554
2019_1246_1261,0.4740558665554965
2019_1246_1266,0.5888371177327762
2019_1246_1268,0.6008706028624491
2019_1246_1276,0.454039117272349
2019_1246_1277,0.5179600148927672
2019_1246_1278,0.7640397756807724
2019_1246_1279,0.6707750172009175
2019_1246_1280,0.5495711410142535
2019_1246_1285,0.8601926936210039
2019_1246_1293,0.7840915918551865
2019_1246_1295,0.99
2019_1246_1297,0.8809989792054327
2019_1246_1300,0.99
2019_1246_1305,0.6574060040509601
2019_1246_1308,0.7910698439240089
2019_1246_1314,0.4360547522733952
2019_1246_1318,0.8480464356927118
2019_1246_1326,0.7977461344433436
2019_1246_1328,0.6652366752008809
2019_1246_1330,0.8642173631982396
2019_1246_1332,0.7862413342858379
2019_1246_1341,0.99
2019_1246_1345,0.5058972359791029
2019_1246_1371,0.7241961498797603
2019_1246_1385,0.7312986401954717
2019_1246_1387,0.8342417089976941
2019_1246_1388,0.6911111486979734
2019_1246_1393,0.6838203977142132
2019_1246_1396,0.7669015185596566
2019_1246_1397,0.46501274115510854
2019_1246_1403,0.49640114989158635
2019_1246_1414,0.7781998469346109
2019_1246_1416,0.7235504364577465
2019_1246_1429,0.6963232289354129
2019_1246_1433,0.6809868705427424
2019_1246_1436,0.8288539353933517
2019_1246_1437,0.6575217646486562
2019_1246_1438,0.4452264372082477
2019_1246_1439,0.5665733952557206
2019_1246_1449,0.6886775651189958
2019_1246_1458,0.5211317700817735
2019_1246_1459,0.5943490009764228
2019_1246_1463,0.8292195359737222
2019_1251_1257,0.3696037563412071
2019_1251_1261,0.1771478732884481
2019_1251_1266,0.29192912446572794
2019_1251_1268,0.3039626095954007
2019_1251_1276,0.15713112400530066
2019_1251_1277,0.2210520216257189
2019_1251_1278,0.467131782413724
2019_1251_1279,0.37386702393386906
2019_1251_1280,0.25266314774720516
2019_1251_1285,0.5632847003539556
2019_1251_1293,0.48718359858813814
2019_1251_1295,0.6338244148176334
2019_1251_1297,0.5840909859383844
2019_1251_1300,0.6449978696862602
2019_1251_1305,0.3604980107839118
2019_1251_1308,0.49416185065696056
2019_1251_1314,0.13914675900634688
2019_1251_1318,0.5511384424256635
2019_1251_1326,0.5008381411762952
2019_1251_1328,0.3683286819338326
2019_1251_1330,0.5673093699311913
2019_1251_1332,0.48933334101878956
2019_1251_1341,0.6354169506674687
2019_1251_1345,0.2089892427120546
2019_1251_1371,0.4272881566127119
2019_1251_1385,0.4343906469284234
2019_1251_1387,0.5373337157306458
2019_1251_1388,0.3942031554309251
2019_1251_1393,0.3869124044471649
2019_1251_1396,0.4699935252926083
2019_1251_1397,0.16810474788806024
2019_1251_1403,0.19949315662453793
2019_1251_1414,0.4812918536675625
2019_1251_1416,0.4266424431906983
2019_1251_1429,0.39941523566836457
2019_1251_1433,0.3840788772756941
2019_1251_1436,0.5319459421263033
2019_1251_1437,0.3606137713816078
2019_1251_1438,0.14831844394119936
2019_1251_1439,0.26966540198867217
2019_1251_1449,0.3917695718519475
2019_1251_1458,0.2242237768147251
2019_1251_1459,0.29744100770937454
2019_1251_1463,0.5323115427066739
2019_1257_1261,0.28422664062971115
2019_1257_1266,0.399007891806991
2019_1257_1268,0.41104137693666376
2019_1257_1276,0.2642098913465637
2019_1257_1277,0.328130788966982
2019_1257_1278,0.574210549754987
2019_1257_1279,0.4809457912751321
2019_1257_1280,0.3597419150884682
2019_1257_1285,0.6703634676952186
2019_1257_1293,0.5942623659294012
2019_1257_1295,0.7409031821588965
2019_1257_1297,0.6911697532796474
2019_1257_1300,0.7520766370275233
2019_1257_1305,0.4675767781251748
2019_1257_1308,0.6012406179982236
2019_1257_1314,0.2462255263476099
2019_1257_1318,0.6582172097669264
2019_1257_1326,0.6079169085175583
2019_1257_1328,0.47540744927509565
2019_1257_1330,0.6743881372724543
2019_1257_1332,0.5964121083600527
2019_1257_1341,0.7424957180087318
2019_1257_1345,0.3160680100533175
2019_1257_1371,0.534366923953975
2019_1257_1385,0.5414694142696864
2019_1257_1387,0.6444124830719089
2019_1257_1388,0.5012819227721881
2019_1257_1393,0.493991171788428
2019_1257_1396,0.5770722926338713
2019_1257_1397,0.27518351522932327
2019_1257_1403,0.306571923965801
2019_1257_1414,0.5883706210088255
2019_1257_1416,0.5337212105319613
2019_1257_1429,0.5064940030096277
2019_1257_1433,0.49115764461695716
2019_1257_1436,0.6390247094675663
2019_1257_1437,0.4676925387228708
2019_1257_1438,0.2553972112824624
2019_1257_1439,0.3767441693299352
2019_1257_1449,0.4988483391932106
2019_1257_1458,0.33130254415598814
2019_1257_1459,0.4045197750506376
2019_1257_1463,0.639390310047937
2019_1261_1266,0.59146377485975
2019_1261_1268,0.6034972599894228
2019_1261_1276,0.4566657743993227
2019_1261_1277,0.520586672019741
2019_1261_1278,0.766666432807746
2019_1261_1279,0.6734016743278911
2019_1261_1280,0.5521977981412273
2019_1261_1285,0.8628193507479777
2019_1261_1293,0.7867182489821603
2019_1261_1295,0.99
2019_1261_1297,0.8836256363324064
2019_1261_1300,0.99
2019_1261_1305,0.6600326611779339
2019_1261_1308,0.7936965010509827
2019_1261_1314,0.4386814094003689
2019_1261_1318,0.8506730928196855
2019_1261_1326,0.8003727915703174
2019_1261_1328,0.6678633323278547
2019_1261_1330,0.8668440203252133
2019_1261_1332,0.7888679914128116
2019_1261_1341,0.99
2019_1261_1345,0.5085238931060766
2019_1261_1371,0.726822807006734
2019_1261_1385,0.7339252973224455
2019_1261_1387,0.8368683661246679
2019_1261_1388,0.6937378058249472
2019_1261_1393,0.686447054841187
2019_1261_1396,0.7695281756866303
2019_1261_1397,0.46763939828208223
2019_1261_1403,0.49902780701856003
2019_1261_1414,0.7808265040615845
2019_1261_1416,0.7261770935847203
2019_1261_1429,0.6989498860623866
2019_1261_1433,0.6836135276697162
2019_1261_1436,0.8314805925203255
2019_1261_1437,0.6601484217756298
2019_1261_1438,0.44785309433522147
2019_1261_1439,0.5692000523826942
2019_1261_1449,0.6913042222459695
2019_1261_1458,0.5237584272087472
2019_1261_1459,0.5969756581033966
2019_1261_1463,0.831846193100696
2019_1266_1268,0.48871600881214294
2019_1266_1276,0.3418845232220429
2019_1266_1277,0.40580542084246113
2019_1266_1278,0.6518851816304663
2019_1266_1279,0.5586204231506113
2019_1266_1280,0.4374165469639474
2019_1266_1285,0.7480380995706978
2019_1266_1293,0.6719369978048804
2019_1266_1295,0.8185778140343756
2019_1266_1297,0.7688443851551265
2019_1266_1300,0.8297512689030024
2019_1266_1305,0.545251410000654
2019_1266_1308,0.6789152498737028
2019_1266_1314,0.32390015822308904
2019_1266_1318,0.7358918416424056
2019_1266_1326,0.6855915403930375
2019_1266_1328,0.5530820811505748
2019_1266_1330,0.7520627691479335
2019_1266_1332,0.6740867402355318
2019_1266_1341,0.820170349884211
2019_1266_1345,0.3937426419287967
2019_1266_1371,0.6120415558294541
2019_1266_1385,0.6191440461451656
2019_1266_1387,0.7220871149473881
2019_1266_1388,0.5789565546476673
2019_1266_1393,0.5716658036639072
2019_1266_1396,0.6547469245093505
2019_1266_1397,0.3528581471048024
2019_1266_1403,0.3842465558412802
2019_1266_1414,0.6660452528843048
2019_1266_1416,0.6113958424074405
2019_1266_1429,0.5841686348851068
2019_1266_1433,0.5688322764924364
2019_1266_1436,0.7166993413430456
2019_1266_1437,0.54536717059835
2019_1266_1438,0.3330718431579416
2019_1266_1439,0.4544188012054144
2019_1266_1449,0.5765229710686898
2019_1266_1458,0.4089771760314673
2019_1266_1459,0.48219440692611676
2019_1266_1463,0.7170649419234161
2019_1268_1276,0.32985103809237004
2019_1268_1277,0.39377193571278835
2019_1268_1278,0.6398516965007934
2019_1268_1279,0.5465869380209385
2019_1268_1280,0.4253830618342746
2019_1268_1285,0.7360046144410249
2019_1268_1293,0.6599035126752075
2019_1268_1295,0.806544328904703
2019_1268_1297,0.7568109000254538
2019_1268_1300,0.8177177837733296
2019_1268_1305,0.5332179248709812
2019_1268_1308,0.6668817647440299
2019_1268_1314,0.3118666730934163
2019_1268_1318,0.7238583565127328
2019_1268_1326,0.6735580552633647
2019_1268_1328,0.5410485960209019
2019_1268_1330,0.7400292840182607
2019_1268_1332,0.662053255105859
2019_1268_1341,0.8081368647545382
2019_1268_1345,0.381709156799124
2019_1268_1371,0.6000080706997813
2019_1268_1385,0.6071105610154928
2019_1268_1387,0.7100536298177152
2019_1268_1388,0.5669230695179944
2019_1268_1393,0.5596323185342343
2019_1268_1396,0.6427134393796777
2019_1268_1397,0.3408246619751296
2019_1268_1403,0.3722130707116074
2019_1268_1414,0.654011767754632
2019_1268_1416,0.5993623572777677
2019_1268_1429,0.572135149755434
2019_1268_1433,0.5567987913627636
2019_1268_1436,0.7046658562133727
2019_1268_1437,0.5333336854686772
2019_1268_1438,0.32103835802826886
2019_1268_1439,0.4423853160757416
2019_1268_1449,0.5644894859390169
2019_1268_1458,0.3969436909017946
2019_1268_1459,0.470160921796444
2019_1268_1463,0.7050314567937433
2019_1276_1277,0.5406034213028884
2019_1276_1278,0.7866831820908935
2019_1276_1279,0.6934184236110386
2019_1276_1280,0.5722145474243747
2019_1276_1285,0.882836100031125
2019_1276_1293,0.8067349982653076
2019_1276_1295,0.99
2019_1276_1297,0.99
2019_1276_1300,0.99
2019_1276_1305,0.6800494104610812
2019_1276_1308,0.81371325033413
2019_1276_1314,0.4586981586835164
2019_1276_1318,0.8706898421028328
2019_1276_1326,0.8203895408534647
2019_1276_1328,0.6878800816110021
2019_1276_1330,0.8868607696083608
2019_1276_1332,0.8088847406959591
2019_1276_1341,0.99
2019_1276_1345,0.528540642389224
2019_1276_1371,0.7468395562898814
2019_1276_1385,0.7539420466055928
2019_1276_1387,0.8568851154078154
2019_1276_1388,0.7137545551080945
2019_1276_1393,0.7064638041243344
2019_1276_1396,0.7895449249697777
2019_1276_1397,0.4876561475652297
2019_1276_1403,0.5190445563017074
2019_1276_1414,0.800843253344732
2019_1276_1416,0.7461938428678678
2019_1276_1429,0.7189666353455341
2019_1276_1433,0.7036302769528636
2019_1276_1436,0.8514973418034728
2019_1276_1437,0.6801651710587773
2019_1276_1438,0.46786984361836886
2019_1276_1439,0.5892168016658417
2019_1276_1449,0.711320971529117
2019_1276_1458,0.5437751764918947
2019_1276_1459,0.616992407386544
2019_1276_1463,0.8518629423838433
2019_1277_1278,0.7227622844704753
2019_1277_1279,0.6294975259906204
2019_1277_1280,0.5082936498039564
2019_1277_1285,0.8189152024107069
2019_1277_1293,0.7428141006448894
2019_1277_1295,0.8894549168743846
2019_1277_1297,0.8397214879951356
2019_1277_1300,0.99
2019_1277_1305,0.6161285128406631
2019_1277_1308,0.7497923527137118
2019_1277_1314,0.3947772610630981
2019_1277_1318,0.8067689444824147
2019_1277_1326,0.7564686432330465
2019_1277_1328,0.6239591839905838
2019_1277_1330,0.8229398719879426
2019_1277_1332,0.7449638430755408
2019_1277_1341,0.89104745272422
2019_1277_1345,0.46461974476880574
2019_1277_1371,0.6829186586694632
2019_1277_1385,0.6900211489851746
2019_1277_1387,0.792964217787397
2019_1277_1388,0.6498336574876763
2019_1277_1393,0.6425429065039161
2019_1277_1396,0.7256240273493595
2019_1277_1397,0.42373524994481143
2019_1277_1403,0.45512365868128923
2019_1277_1414,0.7369223557243136
2019_1277_1416,0.6822729452474495
2019_1277_1429,0.6550457377251158
2019_1277_1433,0.6397093793324453
2019_1277_1436,0.7875764441830546
2019_1277_1437,0.6162442734383591
2019_1277_1438,0.4039489459979506
2019_1277_1439,0.5252959040454235
2019_1277_1449,0.6474000739086987
2019_1277_1458,0.47985427887147636
2019_1277_1459,0.5530715097661257
2019_1277_1463,0.7879420447634251
2019_1278_1279,0.3834177652026152
2019_1278_1280,0.26221388901595133
2019_1278_1285,0.5728354416227017
2019_1278_1293,0.4967343398568843
2019_1278_1295,0.6433751560863796
2019_1278_1297,0.5936417272071305
2019_1278_1300,0.6545486109550064
2019_1278_1305,0.3700487520526579
2019_1278_1308,0.5037125919257067
2019_1278_1314,0.14869750027509304
2019_1278_1318,0.5606891836944096
2019_1278_1326,0.5103888824450414
2019_1278_1328,0.3778794232025787
2019_1278_1330,0.5768601111999374
2019_1278_1332,0.4988840822875357
2019_1278_1341,0.644967691936215
2019_1278_1345,0.21853998398080066
2019_1278_1371,0.4368388978814581
2019_1278_1385,0.44394138819716955
2019_1278_1387,0.546884456999392
2019_1278_1388,0.4037538966996712
2019_1278_1393,0.39646314571591107
2019_1278_1396,0.4795442665613544
2019_1278_1397,0.1776554891568063
2019_1278_1403,0.2090438978932841
2019_1278_1414,0.49084259493630866
2019_1278_1416,0.4361931844594444
2019_1278_1429,0.40896597693711073
2019_1278_1433,0.3936296185444403
2019_1278_1436,0.5414966833950494
2019_1278_1437,0.37016451265035394
2019_1278_1438,0.15786918520994553
2019_1278_1439,0.2792161432574183
2019_1278_1449,0.40132031312069366
2019_1278_1458,0.2337745180834713
2019_1278_1459,0.30699174897812065
2019_1278_1463,0.54186228397542
2019_1279_1280,0.35547864749580627
2019_1279_1285,0.6661002001025567
2019_1279_1293,0.5899990983367392
2019_1279_1295,0.7366399145662346
2019_1279_1297,0.6869064856869854
2019_1279_1300,0.7478133694348613
2019_1279_1305,0.46331351053251285
2019_1279_1308,0.5969773504055617
2019_1279_1314,0.24196225875494798
2019_1279_1318,0.6539539421742645
2019_1279_1326,0.6036536409248964
2019_1279_1328,0.47114418168243366
2019_1279_1330,0.6701248696797923
2019_1279_1332,0.5921488407673907
2019_1279_1341,0.7382324504160698
2019_1279_1345,0.3118047424606556
2019_1279_1371,0.5301036563613131
2019_1279_1385,0.5372061466770245
2019_1279_1387,0.640149215479247
2019_1279_1388,0.49701865517952615
2019_1279_1393,0.489727904195766
2019_1279_1396,0.5728090250412093
2019_1279_1397,0.2709202476366612
2019_1279_1403,0.3023086563731391
2019_1279_1414,0.5841073534161636
2019_1279_1416,0.5294579429392994
2019_1279_1429,0.5022307354169657
2019_1279_1433,0.4868943770242952
2019_1279_1436,0.6347614418749045
2019_1279_1437,0.4634292711302089
2019_1279_1438,0.2511339436898005
2019_1279_1439,0.3724809017372733
2019_1279_1449,0.4945850716005486
2019_1279_1458,0.3270392765633262
2019_1279_1459,0.4002565074579756
2019_1279_1463,0.635127042455275
2019_1280_1285,0.7873040762892205
2019_1280_1293,0.7112029745234032
2019_1280_1295,0.8578437907528984
2019_1280_1297,0.8081103618736493
2019_1280_1300,0.8690172456215253
2019_1280_1305,0.5845173867191767
2019_1280_1308,0.7181812265922256
2019_1280_1314,0.3631661349416119
2019_1280_1318,0.7751578183609285
2019_1280_1326,0.7248575171115602
2019_1280_1328,0.5923480578690976
2019_1280_1330,0.7913287458664563
2019_1280_1332,0.7133527169540546
2019_1280_1341,0.8594363266027337
2019_1280_1345,0.4330086186473195
2019_1280_1371,0.6513075325479769
2019_1280_1385,0.6584100228636884
2019_1280_1387,0.7613530916659108
2019_1280_1388,0.6182225313661901
2019_1280_1393,0.6109317803824299
2019_1280_1396,0.6940129012278733
2019_1280_1397,0.3921241238233252
2019_1280_1403,0.423512532559803
2019_1280_1414,0.7053112296028275
2019_1280_1416,0.6506618191259632
2019_1280_1429,0.6234346116036296
2019_1280_1433,0.6080982532109591
2019_1280_1436,0.7559653180615684
2019_1280_1437,0.5846331473168728
2019_1280_1438,0.37233781987646436
2019_1280_1439,0.49368477792393717
2019_1280_1449,0.6157889477872125
2019_1280_1458,0.4482431527499901
2019_1280_1459,0.5214603836446395
2019_1280_1463,0.7563309186419389
2019_1285_1293,0.40058142191665275
2019_1285_1295,0.547222238146148
2019_1285_1297,0.4974888092668989
2019_1285_1300,0.5583956930147748
2019_1285_1305,0.27389583411242635
2019_1285_1308,0.40755967398547516
2019_1285_1314,0.01
2019_1285_1318,0.464536265754178
2019_1285_1326,0.4142359645048098
2019_1285_1328,0.28172650526234716
2019_1285_1330,0.4807071932597059
2019_1285_1332,0.40273116434730416
2019_1285_1341,0.5488147739959833
2019_1285_1345,0.12238706604056915
2019_1285_1371,0.3406859799412265
2019_1285_1385,0.347788470256938
2019_1285_1387,0.4507315390591604
2019_1285_1388,0.30760097875943965
2019_1285_1393,0.3003102277756795
2019_1285_1396,0.38339134862112284
2019_1285_1397,0.01
2019_1285_1403,0.11289097995305258
2019_1285_1414,0.3946896769960771
2019_1285_1416,0.3400402665192128
2019_1285_1429,0.31281305899687917
2019_1285_1433,0.2974767006042087
2019_1285_1436,0.4453437654548179
2019_1285_1437,0.2740115947101224
2019_1285_1438,0.01
2019_1285_1439,0.18306322531718677
2019_1285_1449,0.3051673951804621
2019_1285_1458,0.13762160014323976
2019_1285_1459,0.21083883103788909
2019_1285_1463,0.44570936603518846
2019_1293_1295,0.6233233399119654
2019_1293_1297,0.5735899110327164
2019_1293_1300,0.6344967947805922
2019_1293_1305,0.34999693587824376
2019_1293_1308,0.48366077575129257
2019_1293_1314,0.12864568410067884
2019_1293_1318,0.5406373675199954
2019_1293_1326,0.49033706627062723
2019_1293_1328,0.3578276070281646
2019_1293_1330,0.5568082950255233
2019_1293_1332,0.4788322661131216
2019_1293_1341,0.6249158757618007
2019_1293_1345,0.19848816780638656
2019_1293_1371,0.4167870817070439
2019_1293_1385,0.4238895720227554
2019_1293_1387,0.5268326408249778
2019_1293_1388,0.38370208052525706
2019_1293_1393,0.3764113295414969
2019_1293_1396,0.45949245038694025
2019_1293_1397,0.1576036729823922
2019_1293_1403,0.18899208171887
2019_1293_1414,0.4707907787618945
2019_1293_1416,0.4161413682850303
2019_1293_1429,0.3889141607626966
2019_1293_1433,0.37357780237002614
2019_1293_1436,0.5214448672206353
2019_1293_1437,0.3501126964759398
2019_1293_1438,0.13781736903553138
2019_1293_1439,0.25916432708300413
2019_1293_1449,0.3812684969462795
2019_1293_1458,0.21372270190905712
2019_1293_1459,0.28693993280370655
2019_1293_1463,0.5218104678010059
2019_1295_1297,0.4269490948032211
2019_1295_1300,0.4878559785510969
2019_1295_1305,0.2033561196487485
2019_1295_1308,0.3370199595217973
2019_1295_1314,0.01
2019_1295_1318,0.39399655129050015
2019_1295_1326,0.343696250041132
2019_1295_1328,0.2111867907986693
2019_1295_1330,0.410167478796028
2019_1295_1332,0.33219144988362626
2019_1295_1341,0.4782750595323055
2019_1295_1345,0.01
2019_1295_1371,0.27014626547754866
2019_1295_1385,0.27724875579326014
2019_1295_1387,0.38019182459548256
2019_1295_1388,0.23706126429576183
2019_1295_1393,0.22977051331200157
2019_1295_1396,0.312851634157445
2019_1295_1397,0.01
2019_1295_1403,0.01
2019_1295_1414,0.32414996253239925
2019_1295_1416,0.26950055205553497
2019_1295_1429,0.24227334453320126
2019_1295_1433,0.22693698614053082
2019_1295_1436,0.37480405099114006
2019_1295_1437,0.20347188024644453
2019_1295_1438,0.01
2019_1295_1439,0.11252351085350887
2019_1295_1449,0.23462768071678425
2019_1295_1458,0.01
2019_1295_1459,0.14029911657421124
2019_1295_1463,0.3751696515715106
2019_1297_1300,0.537589407430346
2019_1297_1305,0.2530895485279976
2019_1297_1308,0.3867533884010464
2019_1297_1314,0.01
2019_1297_1318,0.44372998016974924
2019_1297_1326,0.39342967892038105
2019_1297_1328,0.26092021967791845
2019_1297_1330,0.45990090767527714
2019_1297_1332,0.3819248787628754
2019_1297_1341,0.5280084884115546
2019_1297_1345,0.10158078045614033
2019_1297_1371,0.31987969435679775
2019_1297_1385,0.3269821846725092
2019_1297_1387,0.42992525347473165
2019_1297_1388,0.28679469317501094
2019_1297_1393,0.27950394219125074
2019_1297_1396,0.3625850630366941
2019_1297_1397,0.01
2019_1297_1403,0.01
2019_1297_1414,0.37388339141164834
2019_1297_1416,0.31923398093478406
2019_1297_1429,0.2920067734124504
2019_1297_1433,0.27667041501977996
2019_1297_1436,0.42453747987038915
2019_1297_1437,0.25320530912569356
2019_1297_1438,0.01
2019_1297_1439,0.162256939732758
2019_1297_1449,0.28436110959603333
2019_1297_1458,0.11681531455881095
2019_1297_1459,0.19003254545346032
2019_1297_1463,0.4249030804507597
2019_1300_1305,0.19218266478012175
2019_1300_1308,0.3258465046531705
2019_1300_1314,0.01
2019_1300_1318,0.38282309642187334
2019_1300_1326,0.33252279517250516
2019_1300_1328,0.2000133359300425
2019_1300_1330,0.39899402392740124
2019_1300_1332,0.3210179950149995
2019_1300_1341,0.4671016046636787
2019_1300_1345,0.01
2019_1300_1371,0.25897281060892186
2019_1300_1385,0.2660753009246334
2019_1300_1387,0.3690183697268558
2019_1300_1388,0.22588780942713504
2019_1300_1393,0.21859705844337485
2019_1300_1396,0.30167817928881824
2019_1300_1397,0.01
2019_1300_1403,0.01
2019_1300_1414,0.3129765076637725
2019_1300_1416,0.25832709718690816
2019_1300_1429,0.23109988966457445
2019_1300_1433,0.215763531271904
2019_1300_1436,0.36363059612251325
2019_1300_1437,0.19229842537781777
2019_1300_1438,0.01
2019_1300_1439,0.10135005598488211
2019_1300_1449,0.2234542258481575
2019_1300_1458,0.01
2019_1300_1459,0.12912566170558443
2019_1300_1463,0.36399619670288386
2019_1305_1308,0.610346363555519
2019_1305_1314,0.25533127190490523
2019_1305_1318,0.6673229553242218
2019_1305_1326,0.6170226540748536
2019_1305_1328,0.48451319483239097
2019_1305_1330,0.6834938828297497
2019_1305_1332,0.6055178539173479
2019_1305_1341,0.7516014635660271
2019_1305_1345,0.3251737556106129
2019_1305_1371,0.5434726695112703
2019_1305_1385,0.5505751598269818
2019_1305_1387,0.6535182286292043
2019_1305_1388,0.5103876683294835
2019_1305_1393,0.5030969173457234
2019_1305_1396,0.5861780381911667
2019_1305_1397,0.2842892607866186
2019_1305_1403,0.3156776695230963
2019_1305_1414,0.5974763665661209
2019_1305_1416,0.5428269560892567
2019_1305_1429,0.5155997485669229
2019_1305_1433,0.5002633901742525
2019_1305_1436,0.6481304550248617
2019_1305_1437,0.4767982842801662
2019_1305_1438,0.2645029568397578
2019_1305_1439,0.3858499148872306
2019_1305_1449,0.507954084750506
2019_1305_1458,0.3404082897132835
2019_1305_1459,0.4136255206079329
2019_1305_1463,0.6484960556052323
2019_1308_1314,0.12166743203185643
2019_1308_1318,0.533659115451173
2019_1308_1326,0.4833588142018048
2019_1308_1328,0.35084935495934216
2019_1308_1330,0.5498300429567009
2019_1308_1332,0.47185401404429916
2019_1308_1341,0.6179376236929783
2019_1308_1345,0.19150991573756415
2019_1308_1371,0.4098088296382215
2019_1308_1385,0.416911319953933
2019_1308_1387,0.5198543887561554
2019_1308_1388,0.37672382845643465
2019_1308_1393,0.3694330774726745
2019_1308_1396,0.45251419831811784
2019_1308_1397,0.15062542091356973
2019_1308_1403,0.1820138296500476
2019_1308_1414,0.4638125266930721
2019_1308_1416,0.4091631162162078
2019_1308_1429,0.38193590869387417
2019_1308_1433,0.3665995503012037
2019_1308_1436,0.5144666151518129
2019_1308_1437,0.3431344444071174
2019_1308_1438,0.13083911696670897
2019_1308_1439,0.2521860750141817
2019_1308_1449,0.3742902448774571
2019_1308_1458,0.2067444498402347
2019_1308_1459,0.27996168073488414
2019_1308_1463,0.5148322157321835
2019_1314_1318,0.8886742071017867
2019_1314_1326,0.8383739058524184
2019_1314_1328,0.705864446609956
2019_1314_1330,0.99
2019_1314_1332,0.8268691056949129
2019_1314_1341,0.99
2019_1314_1345,0.5465250073881778
2019_1314_1371,0.7648239212888351
2019_1314_1385,0.7719264116045467
2019_1314_1387,0.8748694804067692
2019_1314_1388,0.7317389201070483
2019_1314_1393,0.7244481691232882
2019_1314_1396,0.8075292899687315
2019_1314_1397,0.5056405125641835
2019_1314_1403,0.5370289213006613
2019_1314_1414,0.8188276183436858
2019_1314_1416,0.7641782078668216
2019_1314_1429,0.7369510003444879
2019_1314_1433,0.7216146419518175
2019_1314_1436,0.8694817068024265
2019_1314_1437,0.698149536057731
2019_1314_1438,0.4858542086173227
2019_1314_1439,0.6072011666647955
2019_1314_1449,0.7293053365280708
2019_1314_1458,0.5617595414908485
2019_1314_1459,0.6349767723854978
2019_1314_1463,0.8698473073827973
2019_1318_1326,0.426382222433102
2019_1318_1328,0.2938727631906393
2019_1318_1330,0.49285345118799806
2019_1318_1332,0.4148774222755963
2019_1318_1341,0.5609610319242755
2019_1318_1345,0.1345333239688613
2019_1318_1371,0.3528322378695187
2019_1318_1385,0.35993472818523015
2019_1318_1387,0.46287779698745257
2019_1318_1388,0.3197472366877318
2019_1318_1393,0.31245648570397166
2019_1318_1396,0.395537606549415
2019_1318_1397,0.01
2019_1318_1403,0.12503723788134474
2019_1318_1414,0.40683593492436926
2019_1318_1416,0.352186524447505
2019_1318_1429,0.3249593169251713
2019_1318_1433,0.3096229585325009
2019_1318_1436,0.45749002338311007
2019_1318_1437,0.28615785263841453
2019_1318_1438,0.01
2019_1318_1439,0.19520948324547893
2019_1318_1449,0.31731365310875426
2019_1318_1458,0.14976785807153187
2019_1318_1459,0.22298508896618124
2019_1318_1463,0.4578556239634806
2019_1326_1328,0.3441730644400075
2019_1326_1330,0.5431537524373662
2019_1326_1332,0.4651777235249645
2019_1326_1341,0.6112613331736436
2019_1326_1345,0.18483362521822938
2019_1326_1371,0.40313253911888686
2019_1326_1385,0.41023502943459833
2019_1326_1387,0.5131780982368208
2019_1326_1388,0.3700475379371
2019_1326_1393,0.36275678695333985
2019_1326_1396,0.4458379077987832
2019_1326_1397,0.14394913039423513
2019_1326_1403,0.17533753913071282
2019_1326_1414,0.45713623617373744
2019_1326_1416,0.40248682569687316
2019_1326_1429,0.37525961817453946
2019_1326_1433,0.35992325978186906
2019_1326_1436,0.5077903246324783
2019_1326_1437,0.3364581538877827
2019_1326_1438,0.12416282644737431
2019_1326_1439,0.2455097844948471
2019_1326_1449,0.36761395435812244
2019_1326_1458,0.20006815932090005
2019_1326_1459,0.27328539021554943
2019_1326_1463,0.5081559252128488
2019_1328_1330,0.6756632116798289
2019_1328_1332,0.5976871827674272
2019_1328_1341,0.7437707924161063
2019_1328_1345,0.31734308446069215
2019_1328_1371,0.5356419983613495
2019_1328_1385,0.542744488677061
2019_1328_1387,0.6456875574792834
2019_1328_1388,0.5025569971795627
2019_1328_1393,0.4952662461958025
2019_1328_1396,0.5783473670412459
2019_1328_1397,0.2764585896366978
2019_1328_1403,0.30784699837317553
2019_1328_1414,0.5896456954162002
2019_1328_1416,0.5349962849393358
2019_1328_1429,0.5077690774170022
2019_1328_1433,0.4924327190243317
2019_1328_1436,0.6402997838749409
2019_1328_1437,0.4689676131302454
2019_1328_1438,0.25667228568983697
2019_1328_1439,0.3780192437373098
2019_1328_1449,0.5001234136005851
2019_1328_1458,0.33257761856336265
2019_1328_1459,0.4057948494580121
2019_1328_1463,0.6406653844553115
2019_1330_1332,0.3987064947700685
2019_1330_1341,0.5447901044187476
2019_1330_1345,0.11836239646333335
2019_1330_1371,0.3366613103639908
2019_1330_1385,0.34376380067970225
2019_1330_1387,0.44670686948192473
2019_1330_1388,0.3035763091822039
2019_1330_1393,0.2962855581984438
2019_1330_1396,0.37936667904388716
2019_1330_1397,0.01
2019_1330_1403,0.10886631037581684
2019_1330_1414,0.39066500741884136
2019_1330_1416,0.33601559694197713
2019_1330_1429,0.3087883894196434
2019_1330_1433,0.293452031026973
2019_1330_1436,0.44131909587758217
2019_1330_1437,0.2699869251328866
2019_1330_1438,0.01
2019_1330_1439,0.17903855573995103
2019_1330_1449,0.3011427256032264
2019_1330_1458,0.13359693056600402
2019_1330_1459,0.20681416146065335
2019_1330_1463,0.4416846964579527
2019_1332_1341,0.6227661333311494
2019_1332_1345,0.1963384253757351
2019_1332_1371,0.4146373392763925
2019_1332_1385,0.421739829592104
2019_1332_1387,0.5246828983943265
2019_1332_1388,0.38155233809460565
2019_1332_1393,0.3742615871108455
2019_1332_1396,0.45734270795628884
2019_1332_1397,0.15545393055174078
2019_1332_1403,0.18684233928821858
2019_1332_1414,0.4686410363312431
2019_1332_1416,0.4139916258543788
2019_1332_1429,0.3867644183320451
2019_1332_1433,0.37142805993937467
2019_1332_1436,0.519295124789984
2019_1332_1437,0.3479629540452884
2019_1332_1438,0.13566762660487997
2019_1332_1439,0.2570145846523527
2019_1332_1449,0.3791187545156281
2019_1332_1458,0.2115729594784057
2019_1332_1459,0.2847901903730551
2019_1332_1463,0.5196607253703545
2019_1341_1345,0.01
2019_1341_1371,0.2685537296277133
2019_1341_1385,0.2756562199434248
2019_1341_1387,0.37859928874564724
2019_1341_1388,0.23546872844592648
2019_1341_1393,0.2281779774621663
2019_1341_1396,0.31125909830760967
2019_1341_1397,0.01
2019_1341_1403,0.01
2019_1341_1414,0.32255742668256393
2019_1341_1416,0.26790801620569965
2019_1341_1429,0.24068080868336592
2019_1341_1433,0.2253444502906955
2019_1341_1436,0.37321151514130474
2019_1341_1437,0.2018793443966092
2019_1341_1438,0.01
2019_1341_1439,0.1109309750036736
2019_1341_1449,0.23303514486694893
2019_1341_1458,0.01
2019_1341_1459,0.13870658072437592
2019_1341_1463,0.3735771157216753
2019_1345_1371,0.6949814375831276
2019_1345_1385,0.7020839278988391
2019_1345_1387,0.8050269967010615
2019_1345_1388,0.6618964364013408
2019_1345_1393,0.6546056854175806
2019_1345_1396,0.737686806263024
2019_1345_1397,0.4357980288584758
2019_1345_1403,0.4671864375949536
2019_1345_1414,0.7489851346379781
2019_1345_1416,0.6943357241611139
2019_1345_1429,0.6671085166387802
2019_1345_1433,0.6517721582461098
2019_1345_1436,0.799639223096719
2019_1345_1437,0.6283070523520234
2019_1345_1438,0.41601172491161503
2019_1345_1439,0.5373586829590878
2019_1345_1449,0.6594628528223632
2019_1345_1458,0.4919170577851408
2019_1345_1459,0.5651342886797902
2019_1345_1463,0.8000048236770896
2019_1371_1385,0.48378501399818163
2019_1371_1387,0.5867280828004041
2019_1371_1388,0.4435975225006833
2019_1371_1393,0.43630677151692315
2019_1371_1396,0.5193878923623665
2019_1371_1397,0.21749911495781843
2019_1371_1403,0.2488875236942962
2019_1371_1414,0.5306862207373207
2019_1371_1416,0.47603681026045647
2019_1371_1429,0.4488096027381228
2019_1371_1433,0.43347324434545237
2019_1371_1436,0.5813403091960616
2019_1371_1437,0.410008138451366
2019_1371_1438,0.19771281101095767
2019_1371_1439,0.3190597690584304
2019_1371_1449,0.44116393892170574
2019_1371_1458,0.27361814388448336
2019_1371_1459,0.3468353747791328
2019_1371_1463,0.5817059097764321
2019_1385_1387,0.5796255924846926
2019_1385_1388,0.4364950321849718
2019_1385_1393,0.4292042812012117
2019_1385_1396,0.5122854020466551
2019_1385_1397,0.21039662464210696
2019_1385_1403,0.2417850333785847
2019_1385_1414,0.5235837304216093
2019_1385_1416,0.468934319944745
2019_1385_1429,0.44170711242241134
2019_1385_1433,0.4263707540297409
2019_1385_1436,0.5742378188803501
2019_1385_1437,0.40290564813565455
2019_1385_1438,0.19061032069524614
2019_1385_1439,0.31195727874271895
2019_1385_1449,0.43406144860599427
2019_1385_1458,0.2665156535687718
2019_1385_1459,0.33973288446342126
2019_1385_1463,0.5746034194607206
2019_1387_1388,0.3335519633827494
2019_1387_1393,0.32626121239898925
2019_1387_1396,0.4093423332444326
2019_1387_1397,0.10745355583988447
2019_1387_1403,0.13884196457636233
2019_1387_1414,0.42064066161938685
2019_1387_1416,0.36599125114252257
2019_1387_1429,0.33876404362018886
2019_1387_1433,0.3234276852275184
2019_1387_1436,0.47129475007812766
2019_1387_1437,0.2999625793334321
2019_1387_1438,0.01
2019_1387_1439,0.20901420994049646
2019_1387_1449,0.3311183798037718
2019_1387_1458,0.1635725847665494
2019_1387_1459,0.23678981566119883
2019_1387_1463,0.4716603506584982
2019_1388_1393,0.46939177269871
2019_1388_1396,0.5524728935441534
2019_1388_1397,0.2505841161396053
2019_1388_1403,0.28197252487608304
2019_1388_1414,0.5637712219191076
2019_1388_1416,0.5091218114422433
2019_1388_1429,0.4818946039199097
2019_1388_1433,0.46655824552723923
2019_1388_1436,0.6144253103778484
2019_1388_1437,0.4430931396331529
2019_1388_1438,0.23079781219274453
2019_1388_1439,0.3521447702402173
2019_1388_1449,0.4742489401034926
2019_1388_1458,0.3067031450662703
2019_1388_1459,0.3799203759609196
2019_1388_1463,0.614790910958219
2019_1393_1396,0.5597636445279135
2019_1393_1397,0.25787486712336544
2019_1393_1403,0.28926327585984324
2019_1393_1414,0.5710619729028678
2019_1393_1416,0.5164125624260035
2019_1393_1429,0.4891853549036698
2019_1393_1433,0.4738489965109994
2019_1393_1436,0.6217160613616086
2019_1393_1437,0.45038389061691303
2019_1393_1438,0.23808856317650465
2019_1393_1439,0.3594355212239774
2019_1393_1449,0.48153969108725275
2019_1393_1458,0.31399389605003036
2019_1393_1459,0.38721112694467974
2019_1393_1463,0.6220816619419791
2019_1396_1397,0.17479374627792205
2019_1396_1403,0.20618215501439985
2019_1396_1414,0.4879808520574244
2019_1396_1416,0.43333144158056014
2019_1396_1429,0.4061042340582265
2019_1396_1433,0.39076787566555604
2019_1396_1436,0.5386349405161652
2019_1396_1437,0.3673027697714697
2019_1396_1438,0.15500744233106128
2019_1396_1439,0.2763544003785341
2019_1396_1449,0.3984585702418094
2019_1396_1458,0.23091277520458706
2019_1396_1459,0.30413000609923635
2019_1396_1463,0.5390005410965358
2019_1397_1403,0.508070932418948
2019_1397_1414,0.7898696294619725
2019_1397_1416,0.7352202189851083
2019_1397_1429,0.7079930114627745
2019_1397_1433,0.692656653070104
2019_1397_1436,0.8405237179207132
2019_1397_1437,0.6691915471760178
2019_1397_1438,0.45689621973560934
2019_1397_1439,0.5782431777830821
2019_1397_1449,0.7003473476463575
2019_1397_1458,0.5328015526091351
2019_1397_1459,0.6060187835037845
2019_1397_1463,0.840889318501084
2019_1403_1414,0.7584812207254947
2019_1403_1416,0.7038318102486305
2019_1403_1429,0.6766046027262967
2019_1403_1433,0.6612682443336263
2019_1403_1436,0.8091353091842355
2019_1403_1437,0.63780313843954
2019_1403_1438,0.4255078109991316
2019_1403_1439,0.5468547690466043
2019_1403_1449,0.6689589389098797
2019_1403_1458,0.5014131438726573
2019_1403_1459,0.5746303747673067
2019_1403_1463,0.8095009097646061
2019_1414_1416,0.4220331132056059
2019_1414_1429,0.39480590568327223
2019_1414_1433,0.3794695472906018
2019_1414_1436,0.527336612141211
2019_1414_1437,0.35600444139651544
2019_1414_1438,0.14370911395610703
2019_1414_1439,0.26505607200357983
2019_1414_1449,0.38716024186685516
2019_1414_1458,0.21961444682963271
2019_1414_1459,0.2928316777242822
2019_1414_1463,0.5277022127215816
2019_1416_1429,0.44945531616013645
2019_1416_1433,0.434118957767466
2019_1416_1436,0.5819860226180753
2019_1416_1437,0.4106538518733797
2019_1416_1438,0.1983585244329713
2019_1416_1439,0.31970548248044406
2019_1416_1449,0.44180965234371944
2019_1416_1458,0.27426385730649705
2019_1416_1459,0.3474810882011464
2019_1416_1463,0.5823516231984458
2019_1429_1433,0.4613461652897997
2019_1429_1436,0.609213230140409
2019_1429_1437,0.43788105939571337
2019_1429_1438,0.22558573195530496
2019_1429_1439,0.3469326900027777
2019_1429_1449,0.4690368598660531
2019_1429_1458,0.3014910648288307
2019_1429_1459,0.3747082957234801
2019_1429_1463,0.6095788307207795
2019_1433_1436,0.6245495885330794
2019_1433_1437,0.4532174177883838
2019_1433_1438,0.24092209034797543
2019_1433_1439,0.3622690483954482
2019_1433_1449,0.48437321825872354
2019_1433_1458,0.31682742322150115
2019_1433_1459,0.3900446541161506
2019_1433_1463,0.6249151891134499
2019_1436_1437,0.30535035293777457
2019_1436_1438,0.01
2019_1436_1439,0.21440198354483903
2019_1436_1449,0.33650615340811435
2019_1436_1458,0.1689603583708919
2019_1436_1459,0.24217758926554137
2019_1436_1463,0.4770481242628407
2019_1437_1438,0.26438719624206175
2019_1437_1439,0.38573415428953456
2019_1437_1449,0.5078383241528099
2019_1437_1458,0.3402925291155875
2019_1437_1459,0.41350976001023687
2019_1437_1463,0.6483802950075364
2019_1438_1439,0.598029481729943
2019_1438_1449,0.7201336515932184
2019_1438_1458,0.552587856555996
2019_1438_1459,0.6258050874506453
2019_1438_1463,0.8606756224479446
2019_1439_1449,0.5987866935457455
2019_1439_1458,0.4312408985085231
2019_1439_1459,0.5044581294031725
2019_1439_1463,0.7393286644004718
2019_1449_1458,0.30913672864524777
2019_1449_1459,0.38235395953989715
2019_1449_1463,0.6172244945371965
2019_1458_1459,0.5498997545771196
2019_1458_1463,0.7847702895744189
2019_1459_1463,0.7115530586797696
